lineage	POS	REF	ALT
L1::615938G->A	615938	G	A
L1.1::4404247G->A	4404247	G	A
L1.1.1::3021283G->A	3021283	G	A
L1.1.1 (Clark et al.)::529363C->T	529363	C	T
L1.1.1.1::3216553G->A	3216553	G	A
L1.1.1.1 (Clark et al.)::1750465T->C	1750465	T	C
L1.1.2::2622402G->A	2622402	G	A
L1.1.3::1491275G->A	1491275	G	A
L1.2 (Clark et al.)::1136017A->G	1136017	A	G
L1.2.1::3479545C->A	3479545	C	A
L1.2.1 (Clark et al.)::590595G->A	590595	G	A
L1.2.1.1::1273058G->A	1273058	G	A
L1.2.1.1::1923530C->T	1923530	C	T
L1.2.1.1::782943G->A	782943	G	A
L1.2.1.2::1259841C->T	1259841	C	T
L1.2.1.2::2378976C->T	2378976	C	T
L1.2.1.2::3296809G->A	3296809	G	A
L1.2.1.3::1317597G->C	1317597	G	C
L1.2.1.3::2070728T->C	2070728	T	C
L1.2.1.3::962445G->A	962445	G	A
L1.2.2::3470377C->T	3470377	C	T
L1.2.2 (Clark et al.)::528781G->A	528781	G	A
L1.2.2.1 (Clark et al.)::2737201A->C	2737201	A	C
L1.3 (Clark et al.)::2763624G->A	2763624	G	A
L1.3.1 (Clark et al.)::1245275C->T	1245275	C	T
L1.3.2 (Clark et al.)::61842T->C	61842	T	C
L2::497491G->A	497491	G	A
L2 (Clark et al.)::282892C->T	282892	C	T
L2.1 (proto-Beijing)::1881090C->T	1881090	C	T
L2.2::2505085G->A	2505085	G	A
L2.2.1 (Clark et al.)::2078246C->G	2078246	C	G
L2.2.1.1::4248115C->T	4248115	C	T
L2.2.1.1 (Clark et al.)::1947282A->G	1947282	A	G
L2.2.1.2::3836274G->A	3836274	G	A
L2.2.1.2 (Clark et al.)::1692069A->G	1692069	A	G
L3::3273107C->A	3273107	C	A
L3 (Clark et al.)::342873C->T	342873	C	T
L3.1 (Clark et al.)::958362C->G	958362	C	G
L3.1.1::1084911G->A	1084911	G	A
L3.1.1 (Clark et al.)::1591545G->T	1591545	G	T
L3.1.2::3722702G->C	3722702	G	C
L3.1.2.1::1237818C->G	1237818	C	G
L3.1.2.2::2874344G->A	2874344	G	A
L3.2 (Clark et al.)::17842G->C	17842	G	C
L4::931123T->C	931123	T	C
L4 (Clark et al.)::2825466G->A	2825466	G	A
L4.1::62657G->A	62657	G	A
L4.1.1::514245C->T	514245	C	T
L4.1.1.1::1850119C->T	1850119	C	T
L4.1.1.1 (Clark et al.)::1006080G->A	1006080	G	A
L4.1.1.2::541048T->G	541048	T	G
L4.1.1.2 (Clark et al.)::1109535G->A	1109535	G	A
L4.1.1.3::4229087C->T	4229087	C	T
L4.1.1.3.1 (Clark et al.)::286300C->A	286300	C	A
L4.1.2::891756A->G	891756	A	G
L4.1.2 (Clark et al.)::3147742A->G	3147742	A	G
L4.1.2.1::107794C->T	107794	C	T
L4.1.2.1 (Clark et al.)::342340C->T	342340	C	T
L4.1.2.1.1 (Clark et al.)::2488724C->G	2488724	C	G
L4.1.3 (Clark et al.)::1564799C->T	1564799	C	T
L4.1.4 (Clark et al.)::58786G->C	58786	G	C
L4.2::2411730G->C	2411730	G	C
L4.2 (Clark et al.)::1466779C->T	1466779	C	T
L4.2.1::783601A->C	783601	A	C
L4.2.1.1 (Clark et al.)::870187C->T	870187	C	T
L4.2.2::1487796C->A	1487796	C	A
L4.2.2 (Clark et al.)::353766T->C	353766	T	C
L4.2.2.1::1455780T->C	1455780	T	C
L4.2.2.2 (Clark et al.)::611463G->A	611463	G	A
L4.3::764995C->G	764995	C	G
L4.3 (Clark et al.)::1452071C->A	1452071	C	A
L4.3.1::615614C->A	615614	C	A
L4.3.1 (Clark et al.)::825585T->C	825585	T	C
L4.3.1.1 (Clark et al.)::1647807T->C	1647807	T	C
L4.3.2::4316114G->A	4316114	G	A
L4.3.2 (Clark et al.)::3414791G->C	3414791	G	C
L4.3.2.1::3388166C->G	3388166	C	G
L4.3.2.1 (Clark et al.)::784581G->C	784581	G	C
L4.3.3::403364G->A	403364	G	A
L4.3.3 (Clark et al.)::2077253G->A	2077253	G	A
L4.3.4::3977226G->A	3977226	G	A
L4.3.4 (Clark et al.)::1297327G->A	1297327	G	A
L4.3.4.1::4398141G->A	4398141	G	A
L4.3.4.1 (Clark et al.)::1274335G->A	1274335	G	A
L4.3.4.2::1132368C->T	1132368	C	T
L4.3.4.2 (Clark et al.)::784440G->T	784440	G	T
L4.3.4.2.1::1502120C->A	1502120	C	A
L4.3.4.2.1 (Clark et al.)::225495T->C	225495	T	C
L4.4::4307886G->A	4307886	G	A
L4.4.1::4151558G->A	4151558	G	A
L4.4.1 (Clark et al.)::2905505G->A	2905505	G	A
L4.4.1.1::355181G->A	355181	G	A
L4.4.1.1.1 (Clark et al.)::15036C->G	15036	C	G
L4.4.1.2::2694560G->C	2694560	G	C
L4.4.1.2 (Clark et al.)::342201C->G	342201	C	G
L4.4.2::4246508G->A	4246508	G	A
L4.4.2 (Clark et al.)::985287G->A	985287	G	A
L4.5::1719757G->T	1719757	G	T
L4.5 (Clark et al.)::620029C->T	620029	C	T
L4.6::3466426G->A	3466426	G	A
L4.6 (Clark et al.)::18091G->A	18091	G	A
L4.6.1::4260268G->C	4260268	G	C
L4.6.1.1::874787G->A	874787	G	A
L4.6.1.1 (Clark et al.)::4406749G->A	4406749	G	A
L4.6.1.2::1501468G->C	1501468	G	C
L4.6.1.2 (Clark et al.)::1098698C->G	1098698	C	G
L4.6.2::4125058G->C	4125058	G	C
L4.6.2 (Clark et al.)::4260742G->A	4260742	G	A
L4.6.2.1::3570528C->G	3570528	C	G
L4.6.2.1 (Clark et al.)::896119C->T	896119	C	T
L4.6.2.2::2875883C->T	2875883	C	T
L4.6.3 (Clark et al.)::734562G->A	734562	G	A
L4.6.4 (Clark et al.)::4236903G->A	4236903	G	A
L4.6.5 (Clark et al.)::17665G->A	17665	G	A
L4.7::4249732C->G	4249732	C	G
L4.7 (Clark et al.)::716918G->A	716918	G	A
L4.8::3836739G->A	3836739	G	A
L4.8 (Clark et al.)::1130526G->A	1130526	G	A
L4.8.1 (Clark et al.)::2914906G->C	2914906	G	C
L4.8.2 (Clark et al.)::2417281G->A	2417281	G	A
L4.8.3 (Clark et al.)::616408C->G	616408	C	G
L4.9::1759252G->T	1759252	G	T
L4.9 (Clark et al.)::420008A->G	420008	A	G
L4.9.1 (Clark et al.)::119600C->G	119600	C	G
L5::1799921C->A	1799921	C	A
L6::1816587C->G	1816587	C	G
L6 (Clark et al.)::982363G->T	982363	G	T
L7::1137518G->A	1137518	G	A
L8 (Clark et al.)::221190G->T	221190	G	T
L9 (Clark et al.)::2750052G->A	2750052	G	A
LBOV::2831482A->G	2831482	A	G
LBOV_AFRI::1882180C->T	1882180	C	T
M.bovis (Clark et al.)::62768A->G	62768	A	G
M.caprae (Clark et al.)::904090T->C	904090	T	C
M.orygis (Clark et al.)::44812G->T	44812	G	T
Beijing::2955957A->C	2955957	A	C
Asia_Ancestral_2::886115T->C	886115	T	C
Asia_Ancestral_3::1477522C->A	1477522	C	A
Asian_African_1::782634A->G	782634	A	G
Asian_African_2::2532616G->A	2532616	G	A
Asian_African_3::1059643G->A	1059643	G	A
CAO::2149762G->A	2149762	G	A
CladeA::1518365C->T	1518365	C	T
Europe/Russia_W148_outbreak::4086G->T	4086	G	T
Pacific_RD150::1844339A->G	1844339	A	G
L1.1.1.2::1329881G->A	1329881	G	A
L1.1.1.2::1772800G->A	1772800	G	A
L1.1.1.2::2323004A->C	2323004	A	C
L1.1.1.3::1479479G->A	1479479	G	A
L1.1.1.3::3459402C->T	3459402	C	T
L1.1.1.3::870862C->T	870862	C	T
L1.1.1.4::1606119A->G	1606119	A	G
L1.1.1.4::162878A->G	162878	A	G
L1.1.1.4::3680254C->G	3680254	C	G
L1.1.1.5::1182150T->C	1182150	T	C
L1.1.1.5::202317C->A	202317	C	A
L1.1.1.5::3366367C->T	3366367	C	T
L1.1.1.6::1331291C->T	1331291	C	T
L1.1.1.6::1851172G->A	1851172	G	A
L1.1.1.6::214609C->T	214609	C	T
L1.1.1.7::2411421C->T	2411421	C	T
L1.1.1.7::3278762C->T	3278762	C	T
L1.1.1.7::566189G->A	566189	G	A
L1.1.1.8::1194516A->G	1194516	A	G
L1.1.1.8::2810437G->A	2810437	G	A
L1.1.1.8::581990C->T	581990	C	T
L1.1.1.9::1207038G->A	1207038	G	A
L1.1.1.9::152602C->T	152602	C	T
L1.1.1.9::2574591A->C	2574591	A	C
L1.1.2.1::260751C->T	260751	C	T
L1.1.2.1::63781G->A	63781	G	A
L1.1.2.1::813155G->A	813155	G	A
L1.1.2.2::1509067C->T	1509067	C	T
L1.1.2.2::199859C->A	199859	C	A
L1.1.2.2::559350G->A	559350	G	A
L1.1.3.1::1249771G->A	1249771	G	A
L1.1.3.1::295040G->A	295040	G	A
L1.1.3.1::793892G->A	793892	G	A
L1.1.3.1 (Clark et al.)::403481C->T	403481	C	T
L1.1.3.2::101902C->T	101902	C	T
L1.1.3.2::264535C->T	264535	C	T
L1.1.3.2::658500C->T	658500	C	T
L1.1.3.2 (Clark et al.)::285096G->T	285096	G	T
L1.1.3.3::1158248G->T	1158248	G	T
L1.1.3.3::236217C->T	236217	C	T
L1.1.3.3::657099G->A	657099	G	A
L1.1.3.3 (Clark et al.)::2738352C->T	2738352	C	T
L2.1 (Thawornwattana et al.)::648465A->G	648465	A	G
L2.1 (Thawornwattana et al.)::1104944C->T	1104944	C	T
L2.1 (Thawornwattana et al.)::1135798C->T	1135798	C	T
L2.1 (Thawornwattana et al.)::1220034C->T	1220034	C	T
L2.1 (Thawornwattana et al.)::4165481G->C	4165481	G	C
L2.2 (Thawornwattana et al.)::3628520G->A	3628520	G	A
L2.2 (Thawornwattana et al.)::4280708G->A	4280708	G	A
L2.2.A (Thawornwattana et al.)::4146082C->T	4146082	C	T
L2.2.1 (Thawornwattana et al.)::797736C->T	797736	C	T
L2.2.1 (Thawornwattana et al.)::2825581T->G	2825581	T	G
L2.2.1 (Thawornwattana et al.)::4158493C->T	4158493	C	T
L2.2.AA1 (Thawornwattana et al.)::15890G->A	15890	G	A
L2.2.AA1 (Thawornwattana et al.)::346693G->T	346693	G	T
L2.2.AA1 (Thawornwattana et al.)::1565566C->T	1565566	C	T
L2.2.AA1 (Thawornwattana et al.)::2640807G->A	2640807	G	A
L2.2.B (Thawornwattana et al.)::35623G->T	35623	G	T
L2.2.B (Thawornwattana et al.)::803298C->T	803298	C	T
L2.2.AA2 (Thawornwattana et al.)::719136C->T	719136	C	T
L2.2.AA2 (Thawornwattana et al.)::3204720C->G	3204720	C	G
L2.2.AA2 (Thawornwattana et al.)::3960979A->C	3960979	A	C
L2.2.AA3 (Thawornwattana et al.)::197705G->A	197705	G	A
L2.2.AA3 (Thawornwattana et al.)::1312065A->C	1312065	A	C
L2.2.AA3.1 (Thawornwattana et al.)::321492G->A	321492	G	A
L2.2.AA3.1 (Thawornwattana et al.)::752134C->T	752134	C	T
L2.2.AA3.1 (Thawornwattana et al.)::4349717T->C	4349717	T	C
L2.2.AA3.2 (Thawornwattana et al.)::4333325A->G	4333325	A	G
L2.2.AA4 (Thawornwattana et al.)::3542392G->A	3542392	G	A
L2.2.C (Thawornwattana et al.)::48347G->A	48347	G	A
L2.2.C (Thawornwattana et al.)::74716G->C	74716	G	C
L2.2.C (Thawornwattana et al.)::1501186T->C	1501186	T	C
L2.2.C (Thawornwattana et al.)::3264188A->C	3264188	A	C
L2.2.D (Thawornwattana et al.)::3052155C->T	3052155	C	T
L2.2.D (Thawornwattana et al.)::3812980G->A	3812980	G	A
L2.2.E (Thawornwattana et al.)::2567122G->A	2567122	G	A
L2.2.1.Modern (Thawornwattana et al.)::1477596C->T	1477596	C	T
L2.2.M1 (Thawornwattana et al.)::4215793A->C	4215793	A	C
L2.2.M1.1 (Thawornwattana et al.)::1770945C->T	1770945	C	T
L2.2.M1.1 (Thawornwattana et al.)::4080525C->T	4080525	C	T
L2.2.M1.1 (Thawornwattana et al.)::4109342G->A	4109342	G	A
L2.2.M1.2 (Thawornwattana et al.)::510801C->T	510801	C	T
L2.2.M1.2 (Thawornwattana et al.)::3593078G->A	3593078	G	A
L2.2.M1.2 (Thawornwattana et al.)::4345788G->A	4345788	G	A
L2.2.M1.3 (Thawornwattana et al.)::28382G->A	28382	G	A
L2.2.M1.4 (Thawornwattana et al.)::1565767C->T	1565767	C	T
L2.2.M2 (Thawornwattana et al.)::15087C->G	15087	C	G
L2.2.M2.1 (Thawornwattana et al.)::4405700G->C	4405700	G	C
L2.2.M2.2 (Thawornwattana et al.)::1198656C->T	1198656	C	T
L2.2.M2.2 (Thawornwattana et al.)::1399526C->T	1399526	C	T
L2.2.M2.3 (Thawornwattana et al.)::586111G->A	586111	G	A
L2.2.M2.4 (Thawornwattana et al.)::45829A->G	45829	A	G
L2.2.M2.4 (Thawornwattana et al.)::4011617C->A	4011617	C	A
L2.2.M2.4 (Thawornwattana et al.)::4141104C->G	4141104	C	G
L2.2.M2.5 (Thawornwattana et al.)::2053560G->A	2053560	G	A
L2.2.M3 (Thawornwattana et al.)::1219683G->A	1219683	G	A
L2.2.M3 (Thawornwattana et al.)::3401939G->A	3401939	G	A
L2.2.M4 (Thawornwattana et al.)::941722T->G	941722	T	G
L2.2.M4 (Thawornwattana et al.)::1151304C->A	1151304	C	A
L2.2.M4 (Thawornwattana et al.)::4215433C->T	4215433	C	T
L2.2.M4.1 (Thawornwattana et al.)::313152C->A	313152	C	A
L2.2.M4.1 (Thawornwattana et al.)::1904950C->T	1904950	C	T
L2.2.M4.1 (Thawornwattana et al.)::4295766G->A	4295766	G	A
L2.2.M4.2 (Thawornwattana et al.)::529600C->T	529600	C	T
L2.2.M4.2 (Thawornwattana et al.)::617750G->A	617750	G	A
L2.2.M4.2 (Thawornwattana et al.)::648321C->T	648321	C	T
L2.2.M4.2 (Thawornwattana et al.)::1109886C->T	1109886	C	T
L2.2.M4.3 (Thawornwattana et al.)::1829921G->T	1829921	G	T
L2.2.M4.4 (Thawornwattana et al.)::421187C->T	421187	C	T
L2.2.M4.4 (Thawornwattana et al.)::2843780A->C	2843780	A	C
L2.2.M4.5 (Thawornwattana et al.)::527895T->C	527895	T	C
L2.2.M4.5 (Thawornwattana et al.)::1353462G->A	1353462	G	A
L2.2.M4.5 (Thawornwattana et al.)::1838646C->T	1838646	C	T
L2.2.M4.5 (Thawornwattana et al.)::2908357G->A	2908357	G	A
L2.2.M4.6 (Thawornwattana et al.)::1558894T->C	1558894	T	C
L2.2.M4.7 (Thawornwattana et al.)::327175C->G	327175	C	G
L2.2.M4.7 (Thawornwattana et al.)::516641C->T	516641	C	T
L2.2.M4.8 (Thawornwattana et al.)::2780355G->A	2780355	G	A
L2.2.M4.9 (Thawornwattana et al.)::1364706G->A	1364706	G	A
L2.2.M4.9 (Thawornwattana et al.)::1887060C->G	1887060	C	G
L2.2.M4.9 (Thawornwattana et al.)::4238675C->T	4238675	C	T
L2.2.M4.9.1 (Thawornwattana et al.)::1540352G->A	1540352	G	A
L2.2.M4.9.1 (Thawornwattana et al.)::2939372A->G	2939372	A	G
L2.2.M4.9.1 (Thawornwattana et al.)::3408521G->A	3408521	G	A
L2.2.M4.9.1 (Thawornwattana et al.)::3723401G->A	3723401	G	A
L2.2.M4.9.2 (Thawornwattana et al.)::166396C->T	166396	C	T
L2.2.M4.9.2 (Thawornwattana et al.)::2032848C->T	2032848	C	T
L2.2.M4.9.2 (Thawornwattana et al.)::2841179G->A	2841179	G	A
L2.2.M5 (Thawornwattana et al.)::36577C->T	36577	C	T
L2.2.M5 (Thawornwattana et al.)::1772288T->G	1772288	T	G
L2.2.M6 (Thawornwattana et al.)::655559G->A	655559	G	A
L2.2.M6.1 (Thawornwattana et al.)::782148C->A	782148	C	A
L2.2.M6.1 (Thawornwattana et al.)::1843620T->C	1843620	T	C
L2.2.M6.2 (Thawornwattana et al.)::94915C->T	94915	C	T
L2.2.M6.2 (Thawornwattana et al.)::2526229G->C	2526229	G	C